<?xml version="1.0" encoding="UTF-8" standalone="yes"?><ns2:Ustveri xmlns="urn:dpt:eyazisma:schema:xsd:Tipler-1" xmlns:ns2="urn:dpt:eyazisma:schema:xsd:Ustveri-1"><BelgeId>FBE935B1-B911-4C50-A520-927F968BCE22</BelgeId><Konu>1005015;676473031;15;2022/288</Konu><Tarih>2022-07-01T13:31:12.218+03:00</Tarih><BelgeNo>62936067/(2022/288)/16532</BelgeNo><GuvenlikKodu>TSD</GuvenlikKodu><GuvenlikKoduGecerlilikTarihi xmlns:xsi="http://www.w3.org/2001/XMLSchema-instance" xsi:nil="true"/><MimeTuru>application/pdf</MimeTuru><OzId schemeID="BIGDECIMAL">10424590597</OzId><DagitimListesi><Dagitim><KurumKurulus><KKK>13756</KKK><Adi>KEMALPAŞA İLÇE EMNİYET MÜDÜRLÜĞÜ_(Ekip)</Adi></KurumKurulus><Ivedilik>NRM</Ivedilik><DagitimTuru>GRG</DagitimTuru></Dagitim></DagitimListesi><Olusturan><KurumKurulus><KKK>62936067</KKK><Adi>Kemalpaşa Sulh Hukuk Mahkemesi</Adi><IletisimBilgisi><Il>İZMİR</Il></IletisimBilgisi></KurumKurulus></Olusturan><DosyaAdi>ustyazi.pdf</DosyaAdi></ns2:Ustveri>