<?xml version="1.0" encoding="UTF-8" standalone="yes"?><ns2:NihaiOzet xmlns="urn:dpt:eyazisma:schema:xsd:PaketOzeti-1" xmlns:ns2="urn:dpt:eyazisma:schema:xsd:NihaiOzet-1" Id="FBE935B1-B911-4C50-A520-927F968BCE22"><Reference URI="/UstYazi/ustyazi.pdf" Type="http://eyazisma.dpt/bilesen#dahili"><DigestMethod Algorithm="http://www.w3.org/2001/04/xmlenc#sha256"/><DigestValue>JMuqZGuanIZnPRS+kp7hKVTgaOeJERoT5J7VcMLto5A=</DigestValue></Reference><Reference URI="/Ustveri/Ustveri.xml" Type="http://eyazisma.dpt/bilesen#dahili"><DigestMethod Algorithm="http://www.w3.org/2001/04/xmlenc#sha256"/><DigestValue>AGaK2ZTU1cXTcGWqf66EsuzF1eRxu8W+pRBg7F5CirE=</DigestValue></Reference><Reference URI="/BelgeHedef/BelgeHedef.xml" Type="http://eyazisma.dpt/bilesen#dahili"><DigestMethod Algorithm="http://www.w3.org/2001/04/xmlenc#sha256"/><DigestValue>XE3eidjg23H/vQlfsUb30NVem15lgt2MYVSBuG0hieM=</DigestValue></Reference><Reference URI="/Imzalar/BelgeImza.xml" Type="http://eyazisma.dpt/bilesen#dahili"><DigestMethod Algorithm="http://www.w3.org/2001/04/xmlenc#sha256"/><DigestValue>bz/3ruAyUKU5enIjghoY9Sa05xMEOtsLWacMyQqR8SA=</DigestValue></Reference><Reference URI="/PaketOzeti/PaketOzeti.xml" Type="http://eyazisma.dpt/bilesen#dahili"><DigestMethod Algorithm="http://www.w3.org/2001/04/xmlenc#sha256"/><DigestValue>UV0hT5RuFs8avDrg0VP+VGvY7mt/wWHuNiAGPS+91Cc=</DigestValue></Reference><Reference URI="/Imzalar/ImzaCades.imz" Type="http://eyazisma.dpt/bilesen#dahili"><DigestMethod Algorithm="http://www.w3.org/2001/04/xmlenc#sha256"/><DigestValue>3nABniaus3ZNrxc/oBplhhXyto3GfjxwQ9TL7qagVLs=</DigestValue></Reference><Reference URI="/docProps/core.xml" Type="http://eyazisma.dpt/bilesen#dahili"><DigestMethod Algorithm="http://www.w3.org/2001/04/xmlenc#sha256"/><DigestValue>+YHaRcTTct1KKzYQUZW6erlDXTQt15Ixhb7LbwYYnpA=</DigestValue></Reference></ns2:NihaiOzet>